{
    "faithfulness": 0.9375,
    "relevancy": 0.4260663033229141,
    "precision": 0.9999999999333333,
    "total_tests": 2,
    "last_run": "2026-05-08 19:55"
}